Type,Name,Request Count,Failure Count,Median Response Time,Average Response Time,Min Response Time,Max Response Time,Average Content Size,Requests/s,Failures/s,50%,66%,75%,80%,90%,95%,98%,99%,99.9%,99.99%,100%
GET,/,29905,0,30,2509.0160494217193,17.66478899980939,605253.8968219997,59860.0,48.973104582035624,0.0,30,35,38,41,52,67,120,2200,421000,605000,605000
GET,/?p=1,14977,0,27,2670.1060986119423,15.903460000117775,605149.4682080002,31654.0,24.52667404531508,0.0,27,30,33,36,46,59,110,5000,421000,605000,605000
,Aggregated,44882,0,29,2562.771355930402,15.903460000117775,605253.8968219997,50447.73535047458,73.49977862735071,0.0,29,33,37,39,50,65,110,4100,421000,605000,605000
