Type,Name,Request Count,Failure Count,Median Response Time,Average Response Time,Min Response Time,Max Response Time,Average Content Size,Requests/s,Failures/s,50%,66%,75%,80%,90%,95%,98%,99%,99.9%,99.99%,100%
GET,/,5518,0,34,133.4206177709336,18.796287999975902,8004.53589800054,59860.0,46.346700841648044,0.0,34,38,41,44,53,68,140,5700,8000,8000,8000
GET,/?p=1,2861,0,29,137.94610263962429,16.301124000165146,7981.501137999658,31654.0,24.03006725406942,0.0,29,33,36,39,47,60,120,6300,8000,8000,8000
,Aggregated,8379,0,32,134.96583942140788,16.301124000165146,8004.53589800054,50229.09344790548,70.37676809571747,0.0,32,37,40,42,51,65,140,5700,8000,8000,8000
