Type,Name,Request Count,Failure Count,Median Response Time,Average Response Time,Min Response Time,Max Response Time,Average Content Size,Requests/s,Failures/s,50%,66%,75%,80%,90%,95%,98%,99%,99.9%,99.99%,100%
GET,/,6078,0,35,126.9378490820983,20.50456300003134,7894.734301999961,59860.0,46.86822290665893,0.0,35,39,41,44,54,70,140,5300,7800,7900,7900
GET,/?p=1,3097,0,30,115.69992241039678,18.10425299936469,7807.415653999669,31654.0,23.881356752537464,0.0,30,33,36,38,45,58,130,5200,7200,7800,7800
,Aggregated,9175,0,33,123.14451296196088,18.10425299936469,7894.734301999961,50339.13002724796,70.7495796591964,0.0,33,37,40,42,51,66,140,5200,7800,7900,7900
