Type,Name,Request Count,Failure Count,Median Response Time,Average Response Time,Min Response Time,Max Response Time,Average Content Size,Requests/s,Failures/s,50%,66%,75%,80%,90%,95%,98%,99%,99.9%,99.99%,100%
GET,/,7354,0,28,98.00519492249205,17.512966000140295,7229.213340000115,59860.0,47.77509500657427,0.0,28,31,33,35,42,52,77,4600,7200,7200,7200
GET,/?p=1,3702,0,25,85.29022722636056,15.593551000165462,7190.054861000135,31654.0,24.049959438990747,0.0,25,27,29,31,38,46,68,3900,6400,7200,7200
,Aggregated,11056,0,27,93.74770483465967,15.593551000165462,7229.213340000115,50415.48010130246,71.82505444556502,0.0,27,30,32,34,40,50,75,3900,7200,7200,7200
